province,harvest_month,farm_violation_history,rainfall_mm,risk_level
Tiền Giang,12,3,72.2,2
Đồng Nai,7,2,261.2,2
Bến Tre,3,1,28.4,0
Đắk Lắk,7,2,297.6,2
Lâm Đồng,12,2,99.9,1
Lâm Đồng,8,5,206.2,2
Lâm Đồng,10,2,188.6,1
Đồng Nai,6,1,231.8,1
Đắk Lắk,10,5,251.4,2
Bến Tre,9,0,234.1,1
Lâm Đồng,6,0,246.3,1
Đồng Nai,12,3,76.6,2
Bến Tre,9,3,167.9,2
Tiền Giang,4,1,32.4,1
Lâm Đồng,8,4,86.7,2
Lâm Đồng,11,0,98.3,0
Tiền Giang,4,3,70.5,2
Đắk Lắk,2,0,101.4,1
Tiền Giang,10,1,181.7,1
Tiền Giang,11,1,70.7,1
Đắk Lắk,9,4,262.9,2
Lâm Đồng,5,4,216.3,2
Tiền Giang,4,5,23.4,2
Tiền Giang,2,1,122.4,1
Đắk Lắk,1,3,112.0,2
Bến Tre,11,0,58.5,0
Lâm Đồng,7,2,280.6,2
Đắk Lắk,6,4,220.9,2
Đắk Lắk,2,2,40.1,2
Lâm Đồng,8,3,359.6,2
Đắk Lắk,11,4,20.3,2
Lâm Đồng,4,2,61.4,1
Lâm Đồng,8,3,255.1,2
Đồng Nai,7,0,349.1,1
Đồng Nai,5,3,303.8,2
Bến Tre,10,5,149.7,2
Tiền Giang,10,4,249.8,2
Lâm Đồng,12,1,70.6,0
Đắk Lắk,8,0,236.3,2
Tiền Giang,9,2,287.2,2
Lâm Đồng,5,4,165.5,2
Đắk Lắk,10,1,225.5,2
Lâm Đồng,5,3,278.7,2
Đồng Nai,2,1,90.4,1
Tiền Giang,5,4,259.0,2
Đắk Lắk,3,4,61.3,2
Tiền Giang,7,5,242.8,2
Đắk Lắk,10,5,294.4,2
Đắk Lắk,5,1,252.0,2
Lâm Đồng,8,3,187.5,2
Đồng Nai,1,1,33.0,1
Bến Tre,3,4,25.3,2
Đồng Nai,3,4,113.7,2
Đồng Nai,9,2,298.4,2
Đắk Lắk,5,5,243.6,2
Đồng Nai,12,2,56.4,1
Lâm Đồng,9,0,215.6,0
Lâm Đồng,9,4,315.6,2
Lâm Đồng,1,2,127.1,1
Tiền Giang,2,1,51.8,1
Tiền Giang,5,5,318.3,2
Tiền Giang,4,5,70.8,2
Bến Tre,10,3,237.3,2
Tiền Giang,9,1,340.3,2
Tiền Giang,7,3,249.4,2
Đắk Lắk,6,2,267.8,2
Lâm Đồng,7,0,264.9,1
Bến Tre,1,1,21.2,0
Lâm Đồng,1,1,78.7,1
Đồng Nai,8,1,216.2,1
Bến Tre,2,3,27.4,1
Lâm Đồng,12,2,54.5,1
Lâm Đồng,10,1,218.5,1
Bến Tre,11,1,100.9,1
Bến Tre,9,5,186.2,2
Bến Tre,7,0,202.6,1
Bến Tre,6,5,264.1,2
Lâm Đồng,1,5,30.2,2
Tiền Giang,1,0,50.2,0
Lâm Đồng,2,2,20.1,1
Đồng Nai,6,5,305.2,2
Đắk Lắk,6,2,231.9,2
Tiền Giang,2,5,69.5,2
Lâm Đồng,1,4,97.5,2
Tiền Giang,10,0,206.7,1
Tiền Giang,5,5,231.3,2
Bến Tre,5,4,186.6,2
Đắk Lắk,2,3,38.2,2
Đồng Nai,6,4,194.8,2
Đắk Lắk,9,1,220.5,2
Lâm Đồng,2,5,58.5,2
Bến Tre,10,4,267.3,2
Bến Tre,2,2,43.3,1
Đắk Lắk,3,3,79.6,2
Bến Tre,7,5,279.1,2
Đắk Lắk,6,1,221.9,2
Đắk Lắk,12,4,45.9,2
Tiền Giang,8,3,255.1,2
Lâm Đồng,8,5,237.8,2
Lâm Đồng,6,3,263.2,2
Lâm Đồng,12,1,117.1,0
Đắk Lắk,11,4,72.1,2
Tiền Giang,10,3,211.6,2
Đắk Lắk,3,3,43.3,2
Đồng Nai,3,0,44.4,0
Tiền Giang,1,3,26.1,2
Tiền Giang,7,0,306.0,1
Bến Tre,5,4,116.0,2
Tiền Giang,4,5,84.6,2
Lâm Đồng,10,5,197.9,2
Tiền Giang,4,4,54.6,2
Lâm Đồng,4,4,43.1,2
Đồng Nai,6,2,336.8,2
Bến Tre,8,4,251.0,2
Đắk Lắk,8,3,297.4,2
Đồng Nai,5,5,328.0,2
Bến Tre,6,1,259.8,1
Lâm Đồng,4,5,34.1,2
Đồng Nai,12,0,63.4,0
Đắk Lắk,11,5,47.7,2
Bến Tre,9,2,219.8,2
Đồng Nai,8,4,244.3,2
Tiền Giang,10,4,242.0,2
Lâm Đồng,12,5,82.4,2
Tiền Giang,10,1,283.4,2
Tiền Giang,1,1,66.0,1
Bến Tre,2,2,82.1,1
Đồng Nai,9,0,217.0,1
Lâm Đồng,8,5,328.9,2
Đắk Lắk,3,4,53.0,2
Tiền Giang,8,5,321.8,2
Tiền Giang,12,2,25.7,1
Lâm Đồng,1,3,58.6,1
Tiền Giang,10,3,230.1,2
Đồng Nai,4,2,78.4,1
Tiền Giang,3,4,95.9,2
Đắk Lắk,6,2,175.0,2
Bến Tre,7,4,183.5,2
Tiền Giang,4,1,27.9,1
Đồng Nai,7,2,329.2,2
Đồng Nai,9,4,267.9,2
Tiền Giang,11,2,37.5,1
Đắk Lắk,2,2,56.7,2
Tiền Giang,11,4,105.5,2
Tiền Giang,3,4,61.7,2
Lâm Đồng,5,0,229.8,0
Đắk Lắk,3,2,46.6,2
Đắk Lắk,11,3,39.3,2
Lâm Đồng,8,2,321.0,2
Tiền Giang,12,2,120.2,2
Đồng Nai,10,4,190.9,2
Tiền Giang,8,2,334.3,2
Lâm Đồng,8,5,220.8,2
Đắk Lắk,12,2,86.0,2
Đồng Nai,12,5,112.3,2
Tiền Giang,9,3,241.3,2
Đắk Lắk,4,4,60.2,2
Bến Tre,5,2,298.1,2
Tiền Giang,5,5,183.4,2
Bến Tre,8,5,318.8,2
Tiền Giang,7,5,258.6,2
Đắk Lắk,9,1,215.3,2
Đắk Lắk,8,0,213.7,2
Đắk Lắk,2,3,28.5,2
Lâm Đồng,10,2,217.8,1
Bến Tre,12,1,62.1,1
Tiền Giang,4,2,38.2,1
Lâm Đồng,6,2,247.3,2
Lâm Đồng,12,4,84.2,2
Đắk Lắk,2,4,63.6,2
Đắk Lắk,7,4,289.8,2
Lâm Đồng,3,1,45.8,0
Đắk Lắk,3,2,100.1,2
Tiền Giang,11,0,73.7,0
Đắk Lắk,2,3,116.4,2
Lâm Đồng,11,4,142.4,2
Đắk Lắk,8,4,221.8,2
Tiền Giang,6,2,224.3,2
Đồng Nai,1,2,62.6,1
Lâm Đồng,12,1,87.9,0
Tiền Giang,1,1,109.8,1
Lâm Đồng,7,4,210.8,2
Đồng Nai,8,2,272.9,2
Đồng Nai,5,0,241.8,1
Tiền Giang,12,3,88.5,2
Đắk Lắk,11,2,115.3,2
Bến Tre,5,2,235.6,2
Đắk Lắk,4,5,19.9,2
Đắk Lắk,6,1,294.6,2
Tiền Giang,6,3,200.0,2
Lâm Đồng,3,4,65.7,2
Đồng Nai,9,2,297.2,2
Đồng Nai,12,4,78.9,2
Đắk Lắk,11,2,66.9,2
Tiền Giang,7,4,215.4,2
Tiền Giang,1,3,0.0,1
Bến Tre,7,1,291.9,2
Đồng Nai,5,3,234.8,2
Đồng Nai,5,5,340.8,2
Bến Tre,2,0,81.9,0
Đắk Lắk,4,1,53.8,1
Lâm Đồng,12,3,102.0,1
Lâm Đồng,6,5,319.1,2
Đồng Nai,10,0,236.9,1
Đắk Lắk,11,5,105.8,2
Lâm Đồng,7,2,216.7,1
Lâm Đồng,11,2,74.8,1
Đắk Lắk,5,4,284.3,2
Lâm Đồng,9,1,297.1,1
Lâm Đồng,3,2,88.6,1
Đắk Lắk,1,5,60.0,2
Đắk Lắk,4,1,102.8,2
Đắk Lắk,9,2,242.5,2
Tiền Giang,4,4,52.9,2
Bến Tre,2,3,53.4,2
Tiền Giang,10,4,366.4,2
Tiền Giang,5,0,205.5,1
Bến Tre,3,2,108.7,1
Đắk Lắk,12,0,35.9,1
Bến Tre,9,0,279.3,1
Đắk Lắk,4,5,78.9,2
Đắk Lắk,6,1,347.3,2
Lâm Đồng,2,5,50.4,2
Tiền Giang,6,2,194.2,2
Tiền Giang,3,0,66.5,0
Tiền Giang,12,3,119.9,2
Đồng Nai,12,0,43.5,0
Tiền Giang,9,3,94.7,2
Đồng Nai,11,5,71.8,2
Đắk Lắk,2,5,98.5,2
Bến Tre,12,1,39.6,1
Đắk Lắk,12,0,95.4,1
Đắk Lắk,9,4,187.8,2
Đắk Lắk,5,5,241.2,2
Lâm Đồng,8,5,295.2,2
Bến Tre,2,1,34.4,1
Tiền Giang,6,3,260.9,2
Lâm Đồng,3,1,106.4,0
Đắk Lắk,12,0,84.2,1
Lâm Đồng,12,2,48.4,1
Đồng Nai,10,2,341.1,2
Đồng Nai,5,3,289.5,2
Đồng Nai,12,5,14.2,2
Tiền Giang,8,3,301.9,2
Lâm Đồng,10,5,215.7,2
Đồng Nai,1,5,75.9,2
Tiền Giang,5,2,310.5,2
Đồng Nai,3,3,53.5,2
Đồng Nai,4,1,20.6,0
Đồng Nai,2,5,115.2,2
Tiền Giang,9,4,319.9,2
Tiền Giang,3,4,67.4,2
Đồng Nai,2,1,95.6,1
Tiền Giang,10,4,227.8,2
Lâm Đồng,11,0,72.9,0
Đắk Lắk,9,5,241.3,2
Đồng Nai,7,1,230.3,1
Đắk Lắk,6,3,271.6,2
Đắk Lắk,1,5,33.8,2
Lâm Đồng,5,1,234.9,1
Đắk Lắk,12,2,79.4,2
Đồng Nai,11,3,125.1,2
Lâm Đồng,11,2,35.0,1
Đắk Lắk,3,5,85.6,2
Đồng Nai,1,3,88.9,2
Bến Tre,4,4,13.7,2
Đắk Lắk,2,1,82.3,1
Bến Tre,2,5,96.4,2
Tiền Giang,3,0,87.7,0
Tiền Giang,8,3,245.0,2
Bến Tre,8,3,270.0,2
Bến Tre,12,5,75.1,2
Đồng Nai,7,5,148.6,2
Đồng Nai,6,2,261.6,2
Đắk Lắk,9,4,228.0,2
Đắk Lắk,4,2,48.9,2
Bến Tre,12,2,144.5,2
Đắk Lắk,1,4,107.6,2
Bến Tre,8,0,181.0,1
Bến Tre,7,2,270.8,2
Đồng Nai,7,2,337.5,2
Tiền Giang,3,3,25.1,2
Tiền Giang,4,4,72.3,2
Lâm Đồng,10,1,257.4,1
Đắk Lắk,9,0,173.5,1
Lâm Đồng,6,0,272.8,1
Đắk Lắk,5,4,317.0,2
Đắk Lắk,3,5,115.2,2
Tiền Giang,9,5,235.0,2
Đắk Lắk,5,3,400.1,2
Lâm Đồng,5,3,126.5,2
Lâm Đồng,4,4,80.7,2
Bến Tre,4,3,27.6,1
Tiền Giang,12,0,72.7,0
Lâm Đồng,1,0,54.3,0
Đắk Lắk,7,1,280.4,2
Bến Tre,9,5,242.4,2
Tiền Giang,3,4,45.2,2
Đắk Lắk,12,2,47.2,2
Lâm Đồng,2,5,128.0,2
Lâm Đồng,3,2,83.3,1
Đắk Lắk,1,1,18.9,1
Đắk Lắk,6,1,283.0,2
Đắk Lắk,11,3,64.2,2
Bến Tre,11,1,70.1,1
Đồng Nai,7,1,299.2,2
Đắk Lắk,11,2,105.5,2
Tiền Giang,11,3,44.2,2
Bến Tre,2,1,69.1,1
Tiền Giang,8,5,217.2,2
Tiền Giang,6,1,285.8,2
Lâm Đồng,4,3,63.0,1
Lâm Đồng,5,4,251.8,2
Đồng Nai,8,3,233.8,2
Bến Tre,3,2,66.8,1
Đắk Lắk,3,4,121.1,2
Tiền Giang,11,5,141.7,2
Lâm Đồng,4,0,81.3,0
Lâm Đồng,1,3,67.0,1
Tiền Giang,9,2,154.3,2
Đắk Lắk,8,5,204.4,2
Bến Tre,8,4,242.4,2
Đắk Lắk,10,5,207.1,2
Tiền Giang,6,3,213.4,2
Đồng Nai,7,1,344.5,2
Bến Tre,6,3,251.7,2
Đắk Lắk,9,0,257.1,2
Đắk Lắk,3,3,49.8,2
Tiền Giang,3,4,105.3,2
Tiền Giang,3,4,63.6,2
Tiền Giang,10,3,218.7,2
Bến Tre,3,4,22.6,2
Lâm Đồng,9,1,246.3,1
Lâm Đồng,12,5,53.4,2
Lâm Đồng,4,3,120.5,2
Lâm Đồng,7,1,360.6,2
Đồng Nai,9,5,175.9,2
Bến Tre,11,5,36.3,2
Đắk Lắk,12,1,61.7,1
Lâm Đồng,7,2,201.0,1
Đắk Lắk,9,3,263.0,2
Đắk Lắk,12,5,60.2,2
Lâm Đồng,3,5,78.4,2
Tiền Giang,4,4,100.5,2
Tiền Giang,8,5,186.1,2
Đắk Lắk,6,1,309.7,2
Đắk Lắk,5,5,206.3,2
Lâm Đồng,4,2,134.5,1
Tiền Giang,8,3,347.3,2
Đắk Lắk,1,3,66.6,2
Đắk Lắk,9,5,192.2,2
Đồng Nai,1,0,35.4,0
Đắk Lắk,8,0,302.4,2
Lâm Đồng,4,1,69.1,0
Lâm Đồng,9,0,305.6,1
Đắk Lắk,11,1,136.1,2
Lâm Đồng,5,4,203.8,2
Đắk Lắk,3,1,33.1,1
Đồng Nai,9,0,261.6,1
Đắk Lắk,11,5,104.3,2
Tiền Giang,9,4,193.6,2
Đắk Lắk,4,0,71.0,1
Đắk Lắk,11,1,111.1,2
Đắk Lắk,4,2,21.0,2
Đồng Nai,12,3,77.1,2
Tiền Giang,8,0,217.6,1
Đồng Nai,2,1,73.7,1
Đồng Nai,9,4,292.6,2
Lâm Đồng,6,0,263.2,1
Lâm Đồng,9,0,189.4,0
Lâm Đồng,8,3,219.9,2
Lâm Đồng,7,1,335.6,1
Lâm Đồng,1,2,79.9,1
Đắk Lắk,12,4,95.2,2
Lâm Đồng,3,1,77.5,1
Tiền Giang,11,4,94.3,2
Bến Tre,2,0,58.1,0
Lâm Đồng,5,3,203.9,2
Bến Tre,5,3,295.8,2
Tiền Giang,5,5,317.6,2
Lâm Đồng,4,2,42.6,1
Đắk Lắk,5,3,215.4,2
Đắk Lắk,3,0,65.1,1
Đồng Nai,12,2,118.6,1
Bến Tre,1,1,86.9,1
Bến Tre,5,3,170.6,2
Tiền Giang,9,2,244.4,2
Lâm Đồng,9,0,235.2,1
Bến Tre,4,5,34.8,2
Bến Tre,3,4,66.9,2
Đồng Nai,1,4,61.3,2
Tiền Giang,2,0,59.2,0
Tiền Giang,8,0,225.6,1
Bến Tre,1,4,114.1,2
Tiền Giang,8,5,228.2,2
Đồng Nai,7,2,253.0,2
Đồng Nai,8,4,246.5,2
Tiền Giang,12,0,54.8,0
Bến Tre,6,3,254.8,2
Bến Tre,12,1,72.0,1
Lâm Đồng,9,5,254.8,2
Đồng Nai,3,5,44.2,2
Đắk Lắk,10,3,237.6,2
Bến Tre,4,3,92.8,2
Tiền Giang,6,0,239.2,1
Đồng Nai,8,4,259.7,2
Tiền Giang,5,2,260.0,2
Lâm Đồng,3,5,82.5,2
Đồng Nai,6,5,283.5,2
Lâm Đồng,4,3,64.8,1
Tiền Giang,9,4,195.3,2
Đồng Nai,3,5,33.4,2
Đồng Nai,4,2,100.5,1
Đắk Lắk,7,3,296.2,2
Đắk Lắk,7,2,289.0,2
Tiền Giang,12,4,94.3,2
Tiền Giang,12,5,65.2,2
Tiền Giang,4,1,51.3,1
Đắk Lắk,6,5,191.2,2
Bến Tre,12,4,37.3,2
Bến Tre,3,5,106.4,2
Bến Tre,6,5,220.4,2
Lâm Đồng,12,0,101.6,0
Đắk Lắk,2,5,64.4,2
Lâm Đồng,8,5,209.4,2
Đắk Lắk,2,2,37.2,2
Tiền Giang,11,1,52.4,1
Đồng Nai,7,2,335.1,2
Tiền Giang,9,2,184.9,2
Lâm Đồng,1,3,133.5,2
Lâm Đồng,8,0,199.6,0
Bến Tre,7,2,295.0,2
Đắk Lắk,6,4,241.3,2
Lâm Đồng,6,4,230.8,2
Lâm Đồng,6,5,173.7,2
Bến Tre,9,3,244.1,2
Lâm Đồng,2,0,35.3,0
Bến Tre,1,0,19.6,0
Bến Tre,12,5,73.6,2
Lâm Đồng,6,4,211.9,2
Lâm Đồng,10,1,351.1,1
Đồng Nai,11,3,100.0,2
Tiền Giang,8,5,351.8,2
Tiền Giang,3,3,49.6,2
Bến Tre,12,4,74.1,2
Đồng Nai,10,4,92.8,2
Đồng Nai,1,1,61.5,1
Bến Tre,9,1,255.9,1
Tiền Giang,1,0,74.6,0
Lâm Đồng,3,3,68.7,2
Bến Tre,8,3,254.0,2
Đắk Lắk,3,4,0.0,2
Tiền Giang,4,0,77.7,0
Đồng Nai,8,5,279.0,2
Lâm Đồng,1,3,110.1,2
Đắk Lắk,6,0,272.1,2
Lâm Đồng,1,0,66.1,0
Đắk Lắk,1,4,103.1,2
Lâm Đồng,8,0,108.6,0
Lâm Đồng,11,1,54.6,0
Lâm Đồng,4,1,47.0,0
Đắk Lắk,12,2,69.0,2
Bến Tre,1,4,4.0,2
Đắk Lắk,10,5,329.2,2
Đồng Nai,7,2,235.0,2
Tiền Giang,5,1,269.1,2
Tiền Giang,5,2,263.4,2
Đồng Nai,1,4,107.9,2
Tiền Giang,10,4,138.3,2
Đồng Nai,11,0,73.4,0
Lâm Đồng,6,3,318.8,2
Đồng Nai,9,0,244.1,1
Lâm Đồng,9,4,192.9,2
Đồng Nai,8,1,213.8,1
Đắk Lắk,5,5,226.4,2
Đồng Nai,1,1,48.4,1
Lâm Đồng,9,0,240.8,0
Đắk Lắk,1,5,115.2,2
Đồng Nai,8,4,214.2,2
Đắk Lắk,5,1,220.7,2
Đắk Lắk,3,4,83.8,2
Đắk Lắk,11,5,64.8,2
Đắk Lắk,7,5,170.2,2
Đắk Lắk,7,1,246.3,2
Đắk Lắk,9,4,244.1,2
Đồng Nai,7,2,308.5,2
Lâm Đồng,11,4,40.8,2
Tiền Giang,3,5,99.5,2
Đồng Nai,11,4,67.1,2
Đồng Nai,1,0,36.8,0
Đắk Lắk,8,2,171.5,2
Đắk Lắk,12,3,128.0,2
Tiền Giang,3,0,65.2,0
Lâm Đồng,12,3,98.1,2
Đắk Lắk,8,1,147.5,2
Tiền Giang,8,3,408.3,2
Đắk Lắk,5,4,303.6,2
Lâm Đồng,12,3,62.3,1
Đồng Nai,1,5,60.8,2
Đồng Nai,10,0,294.1,1
Đắk Lắk,7,0,290.6,2
Đắk Lắk,12,3,75.5,2
Tiền Giang,10,0,250.7,1
Bến Tre,5,5,283.7,2
Đắk Lắk,8,0,145.5,1
Lâm Đồng,9,3,227.7,2
Đồng Nai,11,2,20.6,1
Bến Tre,7,2,286.3,2
Đồng Nai,7,1,209.5,1
Bến Tre,1,0,22.9,0
Đắk Lắk,4,3,46.2,2
Tiền Giang,2,0,74.5,0
Đồng Nai,2,4,63.8,2
Đồng Nai,2,5,34.8,2
Lâm Đồng,4,0,18.9,0
Lâm Đồng,1,0,72.2,0
Tiền Giang,4,2,52.6,1
Bến Tre,2,5,62.3,2
Đồng Nai,5,3,240.4,2
Lâm Đồng,3,0,82.9,0
Đắk Lắk,12,2,95.4,2
Tiền Giang,8,1,258.8,1
Đồng Nai,4,5,60.4,2
Bến Tre,1,2,70.7,1
Bến Tre,1,2,59.8,1
Đắk Lắk,12,2,20.7,2
Tiền Giang,10,0,315.5,1
Tiền Giang,3,0,97.1,0
Lâm Đồng,9,1,369.3,2
Đồng Nai,7,4,386.8,2
Bến Tre,2,4,34.7,2
Đồng Nai,9,4,229.9,2
Đồng Nai,10,5,400.7,2
Đắk Lắk,2,5,68.8,2
Bến Tre,3,1,77.3,0
Đồng Nai,11,5,24.4,2
Bến Tre,10,4,259.0,2
Tiền Giang,2,4,128.0,2
Đắk Lắk,3,2,108.6,2
Lâm Đồng,6,5,213.4,2
Đồng Nai,9,0,226.2,1
Đắk Lắk,9,0,182.1,2
Tiền Giang,7,2,198.9,2
Đắk Lắk,12,2,12.7,2
Đắk Lắk,3,2,67.5,2
Tiền Giang,4,0,115.3,0
Lâm Đồng,6,4,271.3,2
Đắk Lắk,11,2,111.0,2
Đắk Lắk,5,1,314.4,2
Bến Tre,2,2,53.6,1
Đắk Lắk,6,3,204.4,2
Đồng Nai,3,2,48.4,1
Đắk Lắk,8,0,147.0,1
Đắk Lắk,2,5,71.0,2
Đồng Nai,1,2,0.0,1
Tiền Giang,9,5,285.5,2
Lâm Đồng,12,3,72.2,1
Lâm Đồng,3,1,84.1,0
Bến Tre,11,5,101.7,2
Đắk Lắk,1,4,76.0,2
Bến Tre,7,2,347.9,2
Tiền Giang,10,3,287.3,2
Lâm Đồng,5,3,204.6,2
Lâm Đồng,5,5,235.7,2
Tiền Giang,1,1,2.2,0
Đắk Lắk,9,0,195.9,2
Tiền Giang,7,2,227.1,2
Tiền Giang,8,3,282.8,2
Đồng Nai,9,1,205.0,1
Tiền Giang,6,4,175.2,2
Đắk Lắk,12,3,13.4,2
Bến Tre,5,1,214.2,1
Tiền Giang,6,0,367.1,1
Đắk Lắk,11,0,78.1,1
Đồng Nai,2,3,98.2,2
Đồng Nai,4,3,43.0,2
Lâm Đồng,3,5,22.8,2
Đồng Nai,7,2,176.7,2
Đắk Lắk,9,1,244.2,2
Tiền Giang,5,3,130.4,2
Đắk Lắk,6,2,189.6,2
Đồng Nai,10,5,214.8,2
Đắk Lắk,12,2,30.4,2
Tiền Giang,12,3,6.3,1
Đắk Lắk,2,0,78.7,1
Tiền Giang,3,1,71.4,1
Lâm Đồng,3,1,93.4,0
Lâm Đồng,12,0,36.7,0
Lâm Đồng,12,3,92.8,1
Lâm Đồng,9,1,341.8,2
Lâm Đồng,7,3,265.7,2
Đắk Lắk,8,5,213.4,2
Lâm Đồng,11,3,74.4,1
Tiền Giang,10,2,210.5,2
Đồng Nai,11,0,45.3,0
Đắk Lắk,9,3,291.0,2
Đắk Lắk,6,5,241.7,2
Lâm Đồng,4,4,106.2,2
Lâm Đồng,12,0,56.7,0
Lâm Đồng,1,1,59.8,0
Lâm Đồng,8,2,216.0,2
Tiền Giang,7,1,182.8,1
Lâm Đồng,2,5,94.4,2
Lâm Đồng,8,5,381.1,2
Lâm Đồng,12,1,58.5,0
Đắk Lắk,5,0,209.2,2
Tiền Giang,7,1,205.3,1
Tiền Giang,4,3,49.6,2
Đắk Lắk,5,1,349.0,2
Đắk Lắk,8,2,206.9,2
Lâm Đồng,1,2,52.4,1
Bến Tre,1,4,32.8,2
Đắk Lắk,4,2,78.8,2
Lâm Đồng,3,1,68.0,0
Đồng Nai,10,2,181.8,2
Đồng Nai,12,0,43.2,0
Lâm Đồng,2,2,116.0,1
Tiền Giang,12,3,71.0,2
Bến Tre,3,0,73.1,0
Bến Tre,11,4,73.2,2
Lâm Đồng,11,3,111.8,2
Tiền Giang,11,1,38.6,1
Tiền Giang,1,1,58.1,1
Đắk Lắk,1,1,64.9,1
Đắk Lắk,6,3,146.7,2
Tiền Giang,5,3,195.0,2
Đắk Lắk,8,3,312.8,2
Bến Tre,2,0,92.8,0
Lâm Đồng,4,5,98.1,2
Tiền Giang,8,0,214.7,1
Bến Tre,12,1,56.0,0
Đồng Nai,6,5,142.7,2
Đắk Lắk,1,2,98.0,2
Đắk Lắk,4,1,102.9,2
Lâm Đồng,1,4,102.5,2
Tiền Giang,2,0,118.1,1
Đắk Lắk,5,3,275.3,2
Tiền Giang,8,0,343.4,1
Tiền Giang,8,3,238.0,2
Tiền Giang,11,5,17.0,2
Lâm Đồng,3,4,95.8,2
Tiền Giang,11,5,15.9,2
Tiền Giang,4,4,75.1,2
Tiền Giang,10,0,307.3,1
Lâm Đồng,11,3,79.7,1
Đồng Nai,6,5,386.7,2
Đắk Lắk,11,4,11.0,2
Đắk Lắk,11,1,67.5,1
Bến Tre,10,1,251.0,1
Đắk Lắk,3,5,29.7,2
Lâm Đồng,2,3,35.4,1
Đắk Lắk,6,5,199.3,2
Đắk Lắk,11,0,37.0,1
Bến Tre,5,4,243.5,2
Tiền Giang,10,0,213.8,1
Lâm Đồng,5,1,269.1,1
Tiền Giang,10,4,289.0,2
Tiền Giang,5,5,284.9,2
Đắk Lắk,10,0,225.4,1
Đắk Lắk,12,2,78.5,2
Tiền Giang,5,3,312.1,2
Đồng Nai,3,3,83.4,2
Đắk Lắk,7,2,361.5,2
Tiền Giang,6,1,308.9,2
Lâm Đồng,4,4,121.6,2
Lâm Đồng,2,3,0.0,1
Tiền Giang,12,2,72.9,1
Lâm Đồng,9,5,230.6,2
Lâm Đồng,1,2,66.3,1
Tiền Giang,11,1,45.9,1
Lâm Đồng,4,1,81.9,1
Đồng Nai,1,0,15.7,0
Lâm Đồng,6,3,274.2,2
Đắk Lắk,4,0,46.8,1
Tiền Giang,5,2,220.0,2
Đồng Nai,5,4,276.3,2
Lâm Đồng,9,4,254.7,2
Tiền Giang,1,1,101.6,1
Đồng Nai,2,4,40.9,2
Đồng Nai,6,4,245.2,2
Bến Tre,5,4,303.3,2
Tiền Giang,11,2,80.8,1
Lâm Đồng,7,4,275.5,2
Đắk Lắk,3,5,103.2,2
Đồng Nai,3,4,57.8,2
Đắk Lắk,10,4,213.0,2
Đắk Lắk,2,0,87.3,1
Tiền Giang,3,2,65.5,1
Bến Tre,10,1,317.3,2
Lâm Đồng,1,0,81.1,0
Tiền Giang,5,3,212.6,2
Tiền Giang,12,2,80.2,1
Đắk Lắk,5,5,195.8,2
Tiền Giang,12,2,98.4,1
Lâm Đồng,11,3,28.1,1
Đắk Lắk,7,3,323.3,2
Tiền Giang,4,3,79.6,2
Đắk Lắk,3,1,65.1,1
Lâm Đồng,1,4,92.9,2
Đắk Lắk,12,2,85.3,2
Đắk Lắk,8,4,329.8,2
Lâm Đồng,3,4,109.6,2
Tiền Giang,2,5,80.6,2
Lâm Đồng,11,3,43.8,1
Lâm Đồng,4,1,53.8,0
Đồng Nai,3,5,67.9,2
Tiền Giang,1,0,102.5,0
Bến Tre,3,1,56.3,1
Tiền Giang,12,4,58.8,2
Đắk Lắk,2,1,125.5,2
Bến Tre,8,3,243.7,2
Đắk Lắk,6,0,211.9,2
Đắk Lắk,9,3,296.6,2
Tiền Giang,8,0,246.6,1
Tiền Giang,10,5,166.6,2
Đồng Nai,3,4,101.2,2
Bến Tre,5,0,205.2,1
Đồng Nai,7,0,252.6,1
Lâm Đồng,5,0,245.9,1
Bến Tre,8,1,263.8,1
Đồng Nai,12,5,4.3,2
Lâm Đồng,5,1,229.9,1
Lâm Đồng,1,4,103.7,2
Bến Tre,5,0,325.9,1
Đắk Lắk,4,5,40.3,2
Bến Tre,6,5,305.2,2
Lâm Đồng,3,2,47.2,1
Bến Tre,11,4,58.8,2
Tiền Giang,5,5,230.7,2
Lâm Đồng,2,0,73.3,0
Lâm Đồng,11,0,100.0,0
Bến Tre,6,5,265.9,2
Đắk Lắk,12,1,66.2,2
Đắk Lắk,6,4,308.0,2
Tiền Giang,5,0,201.8,1
Đồng Nai,6,5,245.4,2
Tiền Giang,11,0,99.9,0
Bến Tre,7,5,281.8,2
Tiền Giang,12,4,56.0,2
Tiền Giang,5,5,159.2,2
Đắk Lắk,1,2,79.3,2
Tiền Giang,8,5,155.3,2
Bến Tre,4,5,63.6,2
Đắk Lắk,9,4,320.7,2
Tiền Giang,10,5,285.8,2
Đồng Nai,12,4,9.3,2
Tiền Giang,6,2,262.0,2
Đắk Lắk,1,4,60.4,2
Đồng Nai,3,0,31.8,0
Đắk Lắk,3,4,80.1,2
Lâm Đồng,10,2,220.5,1
Đồng Nai,12,3,55.4,2
Đắk Lắk,12,5,73.7,2
Tiền Giang,4,4,51.2,2
Lâm Đồng,6,5,255.7,2
Bến Tre,7,1,214.4,1
Đắk Lắk,10,0,217.7,2
Đắk Lắk,4,0,99.8,1
Đồng Nai,6,1,315.7,2
Bến Tre,11,1,18.7,0
Lâm Đồng,1,4,92.4,2
Tiền Giang,8,1,333.9,2
Tiền Giang,7,3,343.4,2
Bến Tre,11,5,85.6,2
Lâm Đồng,11,5,38.3,2
Đắk Lắk,9,2,287.8,2
Bến Tre,3,1,43.9,1
Đồng Nai,2,1,59.7,1
Tiền Giang,1,3,81.5,2
Bến Tre,3,0,45.9,0
Lâm Đồng,5,0,181.2,0
Bến Tre,11,5,84.0,2
Lâm Đồng,2,5,126.0,2
Tiền Giang,12,4,107.3,2
Bến Tre,3,3,91.2,2
Lâm Đồng,4,2,99.4,1
Tiền Giang,7,2,288.3,2
Bến Tre,3,3,83.5,2
Bến Tre,9,2,303.9,2
Đắk Lắk,8,0,167.9,1
Đắk Lắk,4,2,76.0,2
Đắk Lắk,1,2,67.6,2
Tiền Giang,1,3,72.4,2
Tiền Giang,1,3,56.2,2
Lâm Đồng,1,2,85.6,1
Đồng Nai,8,1,200.9,1
Đắk Lắk,3,3,54.0,2
Tiền Giang,6,4,210.8,2
Đắk Lắk,3,4,95.9,2
Đồng Nai,11,0,69.6,0
Lâm Đồng,5,2,222.4,1
Đắk Lắk,7,1,227.6,2
Đắk Lắk,2,0,70.1,1
Đắk Lắk,6,2,347.3,2
Lâm Đồng,6,3,175.8,2
Đồng Nai,11,4,90.3,2
Đồng Nai,3,5,84.2,2
Đắk Lắk,6,1,197.0,2
Đắk Lắk,10,5,338.0,2
Đồng Nai,10,4,282.4,2
Bến Tre,5,5,219.5,2
Lâm Đồng,12,3,14.2,1
Đắk Lắk,2,2,76.9,2
Đắk Lắk,9,3,247.3,2
Tiền Giang,8,5,188.2,2
Bến Tre,3,3,38.7,2
Đồng Nai,8,4,302.1,2
Đồng Nai,9,1,132.7,1
Đắk Lắk,3,3,79.4,2
Lâm Đồng,3,4,64.4,2
Đồng Nai,2,1,84.9,1
Bến Tre,8,2,232.3,2
Lâm Đồng,10,5,267.6,2
Đồng Nai,1,2,47.7,1
Đồng Nai,8,0,247.0,1
Đắk Lắk,7,4,279.3,2
Đắk Lắk,7,1,259.1,2
Tiền Giang,3,3,81.4,2
Lâm Đồng,1,2,42.2,1
Tiền Giang,4,1,52.3,1
Bến Tre,9,4,215.6,2
Lâm Đồng,5,0,233.4,1
Tiền Giang,1,2,110.8,1
Tiền Giang,5,5,228.7,2
Đắk Lắk,8,1,181.4,2
Đồng Nai,8,5,282.5,2
Tiền Giang,5,1,330.8,2
Tiền Giang,12,1,32.2,0
Bến Tre,9,4,368.4,2
Đắk Lắk,1,4,82.5,2
Tiền Giang,4,4,101.0,2
Đắk Lắk,3,3,114.0,2
Lâm Đồng,2,1,99.2,0
Lâm Đồng,8,2,243.4,2
Đắk Lắk,7,5,323.1,2
Tiền Giang,9,4,265.3,2
Đồng Nai,2,4,102.7,2
Tiền Giang,4,5,106.0,2
Đắk Lắk,6,5,184.5,2
Đắk Lắk,11,1,93.8,2
Lâm Đồng,3,4,64.5,2
Đắk Lắk,8,5,258.3,2
Lâm Đồng,3,3,73.8,1
Đồng Nai,12,3,72.6,2
Lâm Đồng,2,4,115.7,2
Tiền Giang,3,5,29.0,2
Lâm Đồng,11,1,18.3,0
Đồng Nai,6,1,134.0,1
Đắk Lắk,2,1,102.1,1
Đắk Lắk,8,0,203.6,2
Lâm Đồng,1,4,74.0,2
Bến Tre,7,1,243.1,1
Tiền Giang,2,3,43.4,2
Đồng Nai,10,5,301.1,2
Tiền Giang,12,2,66.2,1
Lâm Đồng,6,2,235.7,2
Lâm Đồng,12,1,77.0,0
Đắk Lắk,2,2,91.6,2
Đắk Lắk,2,2,41.2,2
Lâm Đồng,10,0,302.4,1
Bến Tre,8,3,337.0,2
Đắk Lắk,12,3,27.2,2
Đắk Lắk,2,0,78.3,1
Tiền Giang,7,0,231.7,1
Tiền Giang,3,2,91.0,1
Đắk Lắk,8,4,177.0,2
Lâm Đồng,7,5,347.7,2
Lâm Đồng,8,5,153.5,2
Đồng Nai,7,2,235.3,2
Đồng Nai,11,5,83.0,2
Tiền Giang,6,0,208.8,1
Tiền Giang,7,3,199.4,2
Đắk Lắk,5,5,263.3,2
Tiền Giang,7,2,254.7,2
Lâm Đồng,1,4,70.2,2
Lâm Đồng,1,2,95.8,1
Bến Tre,9,1,226.3,1
Đắk Lắk,5,2,269.2,2
Lâm Đồng,5,0,219.6,1
Tiền Giang,3,3,44.5,2
Tiền Giang,5,3,232.9,2
Đắk Lắk,3,5,55.0,2
Lâm Đồng,9,0,223.1,0
Lâm Đồng,9,1,319.9,1
Bến Tre,6,0,234.8,1
Lâm Đồng,1,2,50.1,1
Đắk Lắk,7,0,251.7,2
Tiền Giang,7,0,256.3,1
Lâm Đồng,10,1,178.8,1
Tiền Giang,10,2,232.1,2
Bến Tre,4,4,59.8,2
Đồng Nai,8,4,239.7,2
Bến Tre,6,3,293.5,2
Tiền Giang,4,5,74.1,2
Đắk Lắk,4,0,106.8,1
Tiền Giang,2,3,69.7,2
Tiền Giang,2,1,123.3,1
Đồng Nai,12,4,56.2,2
Lâm Đồng,4,0,46.9,0
Lâm Đồng,5,1,282.8,1
Tiền Giang,8,5,331.8,2
Lâm Đồng,6,1,167.3,1
Lâm Đồng,4,0,64.1,0
Đắk Lắk,11,5,51.7,2
Tiền Giang,7,1,258.6,2
Đồng Nai,8,5,250.6,2
Bến Tre,2,0,110.4,0
Tiền Giang,12,0,66.7,0
Tiền Giang,7,5,332.5,2
Tiền Giang,2,2,60.5,1
Đắk Lắk,2,3,97.8,2
Tiền Giang,8,1,263.7,1
Đắk Lắk,2,1,121.9,2
Tiền Giang,11,2,25.7,1
Đắk Lắk,9,2,180.2,2
Tiền Giang,12,2,124.9,2
Tiền Giang,1,4,48.0,2
Đồng Nai,9,4,209.8,2
Bến Tre,1,5,43.7,2
Lâm Đồng,10,4,318.9,2
Đồng Nai,10,0,174.8,1
Đắk Lắk,2,5,70.7,2
Đồng Nai,6,1,234.1,1
Bến Tre,6,3,312.2,2
Tiền Giang,1,0,53.1,0
Lâm Đồng,7,1,274.9,1
Tiền Giang,8,1,179.7,1
Đắk Lắk,2,5,138.2,2
Đắk Lắk,8,2,235.6,2
Tiền Giang,9,2,250.5,2
Lâm Đồng,6,0,349.3,1
Bến Tre,5,2,214.8,2
Đồng Nai,12,1,120.0,1
Đắk Lắk,9,2,225.3,2
Lâm Đồng,12,4,90.2,2
Tiền Giang,11,2,52.8,1
Lâm Đồng,9,1,168.6,1
Đồng Nai,1,5,82.4,2
Lâm Đồng,11,0,89.2,0
Đắk Lắk,3,3,30.5,2
Tiền Giang,9,2,231.6,2
Đắk Lắk,11,1,106.0,2
Đắk Lắk,2,3,88.0,2
Bến Tre,12,3,58.1,1
Tiền Giang,4,4,52.1,2
Lâm Đồng,4,3,128.4,2
Lâm Đồng,2,5,26.6,2
Đồng Nai,3,1,68.2,1
Đồng Nai,3,1,26.1,0
Đắk Lắk,1,2,109.4,2
Đắk Lắk,6,2,249.6,2
Đắk Lắk,8,2,260.7,2
Lâm Đồng,12,5,153.1,2
Đồng Nai,3,3,52.2,1
Tiền Giang,5,3,354.9,2
Tiền Giang,1,4,58.3,2
Đắk Lắk,10,5,236.0,2
Lâm Đồng,7,2,408.3,2
Lâm Đồng,10,0,240.3,1
Bến Tre,1,4,28.8,2
Lâm Đồng,12,0,78.5,0
Đắk Lắk,11,3,64.8,2
Tiền Giang,9,4,272.0,2
Tiền Giang,8,4,242.0,2
Tiền Giang,7,1,382.9,2
Tiền Giang,10,3,283.4,2
Bến Tre,7,3,185.5,2
Tiền Giang,5,5,257.5,2
Đắk Lắk,5,4,202.0,2
Đắk Lắk,11,3,62.6,2
Đắk Lắk,5,4,195.4,2
Đồng Nai,1,5,133.2,2
Bến Tre,8,5,208.5,2
Tiền Giang,12,1,90.6,1
Lâm Đồng,11,4,60.3,2
Tiền Giang,1,3,35.2,2
Đắk Lắk,4,3,75.9,2
Lâm Đồng,9,4,274.0,2
Đắk Lắk,9,4,283.5,2
Đắk Lắk,5,4,92.7,2
Tiền Giang,4,2,33.0,1
Bến Tre,3,3,98.7,2
Lâm Đồng,3,5,42.3,2
Lâm Đồng,12,3,76.1,1
Bến Tre,5,2,174.5,2
Đắk Lắk,10,4,293.9,2
Đắk Lắk,1,1,97.9,2
Tiền Giang,5,4,293.9,2
Tiền Giang,6,4,312.0,2
Bến Tre,7,2,343.8,2
Bến Tre,12,3,34.8,1
Đắk Lắk,9,4,202.7,2
Tiền Giang,3,3,96.9,2
Đắk Lắk,2,0,103.9,1
Tiền Giang,3,5,49.8,2
Lâm Đồng,12,3,47.7,1
Đồng Nai,9,1,210.9,1
Lâm Đồng,12,5,21.8,2
Đồng Nai,7,1,173.7,1
Tiền Giang,9,4,175.2,2
Lâm Đồng,2,5,61.2,2
Đắk Lắk,5,3,266.3,2
Đồng Nai,4,5,83.0,2
Bến Tre,2,4,54.7,2
Bến Tre,9,2,221.0,2
Đắk Lắk,9,1,257.4,2
Đắk Lắk,6,4,160.2,2
Bến Tre,11,2,98.8,1
Tiền Giang,6,5,327.1,2
Đắk Lắk,8,5,212.5,2
Tiền Giang,6,4,226.1,2
Đồng Nai,1,3,107.3,2
Đồng Nai,4,5,66.3,2
Lâm Đồng,7,3,285.3,2
Bến Tre,2,3,67.2,1
Đồng Nai,9,3,343.4,2
Lâm Đồng,8,0,279.4,1
Đắk Lắk,8,2,282.9,2
Đồng Nai,7,2,284.0,2
Lâm Đồng,4,5,53.3,2
Đắk Lắk,2,5,56.1,2
Tiền Giang,3,3,93.1,2
Đồng Nai,12,0,73.8,0
Đồng Nai,6,3,179.3,2
Đồng Nai,12,0,126.2,0
Đắk Lắk,12,3,99.3,2
Đồng Nai,5,1,252.3,1
Bến Tre,12,1,61.8,1
Tiền Giang,8,4,261.9,2
Bến Tre,6,3,281.1,2
Lâm Đồng,6,5,128.0,2
Đắk Lắk,1,2,133.4,2
Tiền Giang,4,4,46.3,2
Lâm Đồng,5,5,249.9,2
Lâm Đồng,12,1,71.0,0
Đắk Lắk,11,3,129.9,2
Tiền Giang,3,4,67.4,2
Bến Tre,9,3,345.3,2
Lâm Đồng,1,1,82.2,0
Tiền Giang,6,4,192.3,2
Đắk Lắk,6,1,258.1,2
Bến Tre,10,0,242.9,1
Tiền Giang,5,1,185.0,1
Đắk Lắk,12,3,80.7,2
Đồng Nai,5,2,251.3,2
Đắk Lắk,10,1,283.4,2
Tiền Giang,5,5,261.6,2
Lâm Đồng,6,2,210.9,1
Đồng Nai,8,0,296.1,1
Lâm Đồng,2,4,51.3,2
Đồng Nai,6,4,64.0,2
Đắk Lắk,1,2,73.9,2
Đồng Nai,4,4,53.4,2
Bến Tre,10,1,272.9,1
Đồng Nai,3,2,130.0,2
Tiền Giang,9,3,371.7,2
Bến Tre,3,1,65.0,1
Tiền Giang,6,1,200.4,1
Đắk Lắk,1,1,87.5,2
Đắk Lắk,12,3,58.9,2
Đồng Nai,6,0,273.5,1
Đồng Nai,4,5,50.2,2
Bến Tre,8,4,265.0,2
Tiền Giang,11,2,45.6,1
Tiền Giang,9,0,321.1,1
Bến Tre,4,2,52.3,1
Tiền Giang,10,4,289.7,2
Lâm Đồng,12,3,32.1,1
Tiền Giang,10,1,296.9,2
Tiền Giang,6,1,192.0,1
Tiền Giang,1,3,77.8,2
Tiền Giang,4,0,100.7,0
Lâm Đồng,7,0,238.0,1
Lâm Đồng,12,2,39.1,1
Đồng Nai,1,3,84.9,2
Tiền Giang,8,0,199.5,1
Tiền Giang,12,3,57.9,2
Đắk Lắk,10,4,265.9,2
Tiền Giang,12,1,110.8,1
Đồng Nai,11,1,70.8,1
Bến Tre,6,1,251.4,1
Lâm Đồng,5,3,294.3,2
Tiền Giang,10,3,253.0,2
Đồng Nai,11,2,89.1,1
Đồng Nai,9,1,314.7,2
Đắk Lắk,2,2,60.2,2
Đắk Lắk,5,1,53.5,1
Lâm Đồng,6,2,200.9,1
Đồng Nai,7,2,322.5,2
Tiền Giang,5,4,248.0,2
Đồng Nai,9,2,229.7,2
Đắk Lắk,1,3,105.0,2
Đắk Lắk,7,2,243.9,2
Đắk Lắk,10,1,124.4,2
Tiền Giang,7,2,159.7,2
Lâm Đồng,4,0,82.6,0
Tiền Giang,9,5,246.0,2
Lâm Đồng,12,1,113.6,1
Bến Tre,11,0,48.0,0
Tiền Giang,5,1,231.4,1
Lâm Đồng,4,3,43.5,1
Đồng Nai,7,5,218.8,2
Đồng Nai,4,5,13.2,2
Đồng Nai,3,3,58.4,2
Đồng Nai,9,5,246.9,2
Lâm Đồng,11,3,65.9,1
Tiền Giang,8,0,379.0,1
Bến Tre,1,4,125.0,2
Đắk Lắk,7,1,204.9,2
Lâm Đồng,9,3,127.4,2
Bến Tre,8,1,244.0,1
Tiền Giang,8,0,272.6,1
Tiền Giang,6,4,198.4,2
Đắk Lắk,11,0,45.7,1
Đắk Lắk,4,5,117.5,2
Đắk Lắk,8,1,234.5,2
Lâm Đồng,3,4,89.9,2
Đồng Nai,9,5,194.2,2
Tiền Giang,2,4,68.3,2
Lâm Đồng,2,5,59.9,2
Đồng Nai,12,0,49.7,0
Đồng Nai,12,3,104.7,2
Đồng Nai,7,1,166.7,1
Bến Tre,12,2,79.0,1
Đắk Lắk,10,2,228.7,2
Đắk Lắk,4,0,82.4,1
Lâm Đồng,10,1,229.5,1
Tiền Giang,8,1,302.0,2
Tiền Giang,9,0,193.6,1
Tiền Giang,7,1,319.5,2
Bến Tre,5,3,248.3,2
Đắk Lắk,8,0,170.3,1
Lâm Đồng,4,3,90.4,1
Tiền Giang,2,1,64.0,1
Đắk Lắk,11,0,18.8,1
Lâm Đồng,12,1,80.0,0
Đồng Nai,6,0,310.4,1
Đắk Lắk,9,1,326.9,2
Đắk Lắk,1,3,58.6,2
Đắk Lắk,11,3,74.4,2
Bến Tre,10,1,253.0,1
Tiền Giang,12,0,114.7,0
Đắk Lắk,7,2,201.4,2
Đắk Lắk,10,3,222.1,2
Tiền Giang,9,3,199.9,2
Đồng Nai,10,5,163.1,2
Bến Tre,9,2,264.9,2
Đắk Lắk,10,1,346.1,2
Đồng Nai,11,0,64.0,0
Đồng Nai,3,5,43.5,2
Bến Tre,11,1,75.6,1
Bến Tre,5,4,285.3,2
Đắk Lắk,8,3,240.6,2
Đắk Lắk,8,4,334.2,2
Đắk Lắk,4,3,45.6,2
Bến Tre,12,3,61.4,1
Lâm Đồng,11,4,78.9,2
Đồng Nai,11,4,81.8,2
Đồng Nai,1,1,71.4,1
Lâm Đồng,1,5,31.6,2
Bến Tre,4,5,140.1,2
Lâm Đồng,6,4,235.8,2
Tiền Giang,8,1,256.6,1
Bến Tre,6,5,287.0,2
Lâm Đồng,12,1,50.9,0
Bến Tre,9,1,253.4,1
Bến Tre,9,3,209.4,2
Đắk Lắk,2,5,82.5,2
Lâm Đồng,10,5,233.4,2
Tiền Giang,1,3,78.1,2
Đắk Lắk,2,4,38.6,2
Đồng Nai,5,3,200.3,2
Đắk Lắk,4,5,29.0,2
Tiền Giang,4,5,48.7,2
Đắk Lắk,9,4,95.6,2
Đắk Lắk,11,3,60.8,2
Bến Tre,8,0,217.9,1
Lâm Đồng,6,0,259.1,1
Bến Tre,1,4,71.3,2
Đắk Lắk,2,3,107.7,2
Đồng Nai,6,3,405.7,2
Tiền Giang,11,1,104.1,1
Đắk Lắk,2,5,56.4,2
Đồng Nai,10,2,220.4,2
Lâm Đồng,5,4,302.1,2
Đồng Nai,5,2,149.0,1
Đắk Lắk,6,2,231.1,2
Lâm Đồng,6,4,235.7,2
Tiền Giang,6,3,285.0,2
Bến Tre,2,4,88.4,2
Lâm Đồng,10,2,205.3,1
Đắk Lắk,3,5,57.6,2
Tiền Giang,6,5,276.7,2
Đắk Lắk,8,5,202.1,2
Lâm Đồng,12,3,106.2,2
Đồng Nai,11,0,88.3,0
Đồng Nai,12,4,75.1,2
Đồng Nai,1,5,81.7,2
Bến Tre,1,4,56.0,2
Lâm Đồng,11,5,51.2,2
Bến Tre,2,3,57.3,1
Lâm Đồng,11,0,85.0,0
Lâm Đồng,12,0,76.0,0
Tiền Giang,12,5,57.3,2
Đắk Lắk,6,3,295.0,2
Bến Tre,9,1,239.6,1
Đắk Lắk,4,4,49.2,2
Tiền Giang,3,4,77.6,2
Tiền Giang,12,2,39.6,1
Đồng Nai,8,3,148.8,2
Tiền Giang,11,2,69.8,1
Đắk Lắk,10,5,210.6,2
Lâm Đồng,9,2,234.8,1
Bến Tre,12,0,41.0,0
Đắk Lắk,11,4,106.3,2
Tiền Giang,5,2,210.3,2
Lâm Đồng,9,0,224.1,1
Đắk Lắk,2,3,81.3,2
Đắk Lắk,3,2,28.7,2
Tiền Giang,7,5,163.0,2
Đồng Nai,7,5,272.9,2
Lâm Đồng,6,5,223.3,2
Tiền Giang,6,4,195.9,2
Đồng Nai,2,2,88.1,1
Tiền Giang,10,3,201.3,2
Đắk Lắk,6,2,233.5,2
Tiền Giang,4,4,43.1,2
Tiền Giang,12,0,79.1,0
Đồng Nai,3,4,110.0,2
Tiền Giang,11,5,14.2,2
Đồng Nai,2,0,73.4,0
Tiền Giang,1,5,95.7,2
Tiền Giang,11,1,57.4,1
Lâm Đồng,11,4,36.1,2
Đắk Lắk,5,4,275.3,2
Tiền Giang,2,3,100.0,2
Đồng Nai,2,2,96.7,1
Đắk Lắk,7,0,272.0,2
Đồng Nai,8,0,255.9,1
Lâm Đồng,10,3,196.1,2
Đồng Nai,8,3,301.9,2
Bến Tre,4,2,94.3,1
Bến Tre,1,5,35.9,2
Bến Tre,11,2,80.9,1
Bến Tre,7,4,289.2,2
Đắk Lắk,1,5,96.5,2
Lâm Đồng,11,1,67.8,0
Lâm Đồng,4,2,44.3,1
Đồng Nai,8,3,219.9,2
Đắk Lắk,2,5,39.8,2
Bến Tre,6,2,246.9,2
Đắk Lắk,6,0,235.2,2
Lâm Đồng,12,1,134.4,1
Lâm Đồng,9,4,303.7,2
Đắk Lắk,5,0,308.2,2
Tiền Giang,10,0,278.3,1
Tiền Giang,4,1,59.0,1
Đắk Lắk,5,4,233.5,2
Lâm Đồng,12,3,64.5,1
Đắk Lắk,12,5,75.6,2
Tiền Giang,10,4,273.4,2
Bến Tre,11,2,70.0,1
Tiền Giang,5,0,232.6,1
Đắk Lắk,8,2,214.4,2
Lâm Đồng,10,3,166.4,2
Lâm Đồng,12,2,108.5,1
Tiền Giang,8,4,382.3,2
Đắk Lắk,2,2,106.0,2
Đắk Lắk,7,3,174.5,2
Tiền Giang,8,3,297.2,2
Đắk Lắk,11,3,100.7,2
Đồng Nai,6,4,225.8,2
Bến Tre,5,3,279.3,2
Lâm Đồng,11,0,56.3,0
Đắk Lắk,9,3,341.7,2
Lâm Đồng,3,2,81.0,1
Tiền Giang,12,5,42.5,2
Đồng Nai,10,2,290.2,2
Lâm Đồng,4,5,101.8,2
Đắk Lắk,9,2,261.9,2
Đắk Lắk,6,4,278.8,2
Bến Tre,8,2,245.8,2
Đắk Lắk,7,4,181.9,2
Lâm Đồng,11,4,65.4,2
Tiền Giang,2,3,85.7,2
Đắk Lắk,3,0,66.2,1
Lâm Đồng,1,5,94.0,2
Tiền Giang,9,3,226.5,2
Lâm Đồng,7,3,230.4,2
Lâm Đồng,1,4,94.9,2
Tiền Giang,3,4,76.7,2
Lâm Đồng,4,5,57.6,2
Đắk Lắk,4,2,101.0,2
Đắk Lắk,5,2,208.7,2
Bến Tre,3,3,48.2,1
Tiền Giang,3,1,0.0,0
Lâm Đồng,1,1,53.4,0
Lâm Đồng,7,2,328.5,2
Đắk Lắk,11,1,7.8,1
Bến Tre,10,2,192.9,2
Lâm Đồng,1,4,83.2,2
Đồng Nai,2,3,2.7,1
Lâm Đồng,4,0,54.7,0
Đắk Lắk,4,3,104.2,2
Bến Tre,5,2,372.6,2
Đồng Nai,11,2,78.7,1
Bến Tre,2,3,42.2,1
Bến Tre,4,5,41.2,2
Tiền Giang,1,2,74.3,1
Bến Tre,2,1,78.4,1
Lâm Đồng,1,1,125.7,1
Đồng Nai,10,2,308.2,2
Đắk Lắk,10,2,255.0,2
Bến Tre,4,5,59.9,2
Đắk Lắk,4,1,160.4,2
Đắk Lắk,7,2,287.6,2
Đắk Lắk,10,2,209.9,2
Bến Tre,11,5,63.3,2
Lâm Đồng,11,5,43.7,2
Lâm Đồng,9,3,105.7,2
Tiền Giang,9,5,268.8,2
Lâm Đồng,5,0,356.9,1
Đồng Nai,10,1,152.2,1
Tiền Giang,1,3,71.7,2
Đồng Nai,1,0,48.8,0
Tiền Giang,6,2,281.3,2
Lâm Đồng,2,2,64.8,1
Bến Tre,8,3,168.4,2
Đắk Lắk,9,5,191.1,2
Đắk Lắk,4,2,45.1,2
Đắk Lắk,5,4,330.7,2
Bến Tre,11,3,108.8,2
Tiền Giang,8,0,231.3,1
Đồng Nai,3,3,106.8,2
Đồng Nai,5,1,239.6,1
Đắk Lắk,3,5,60.2,2
Lâm Đồng,12,5,71.7,2
Đắk Lắk,10,3,267.1,2
Lâm Đồng,3,2,53.3,1
Lâm Đồng,3,2,70.7,1
Tiền Giang,12,4,93.6,2
Đắk Lắk,7,4,257.8,2
Đồng Nai,7,5,252.6,2
Bến Tre,7,4,279.7,2
Bến Tre,10,0,290.0,1
Tiền Giang,8,4,246.2,2
Tiền Giang,5,0,221.5,1
Tiền Giang,5,4,261.4,2
Đồng Nai,4,5,22.2,2
Lâm Đồng,7,5,237.4,2
Đồng Nai,10,0,101.7,0
Đắk Lắk,4,3,19.7,2
Tiền Giang,2,5,15.2,2
Bến Tre,4,3,101.4,2
Đắk Lắk,8,2,250.8,2
Đồng Nai,9,0,174.3,1
Đồng Nai,3,5,84.7,2
Tiền Giang,7,1,309.3,2
Tiền Giang,12,2,85.3,2
Đắk Lắk,9,3,238.7,2
Đồng Nai,11,5,77.0,2
Tiền Giang,4,0,97.0,0
Đắk Lắk,10,4,221.8,2
Đắk Lắk,3,1,70.9,2
Bến Tre,5,3,234.6,2
Lâm Đồng,1,2,21.6,1
Bến Tre,3,0,97.5,0
Đồng Nai,8,1,373.4,2
Lâm Đồng,11,0,43.8,0
Tiền Giang,8,5,307.8,2
Đồng Nai,4,4,44.7,2
Lâm Đồng,2,2,74.0,1
Đồng Nai,8,0,340.5,1
Đắk Lắk,8,3,218.8,2
Tiền Giang,10,5,249.1,2
Đồng Nai,4,5,16.0,2
Tiền Giang,3,2,50.1,1
Đắk Lắk,2,5,12.8,2
Tiền Giang,9,3,275.8,2
Đắk Lắk,1,0,94.9,1
Lâm Đồng,7,2,236.7,2
Tiền Giang,5,5,267.2,2
Đồng Nai,8,5,230.5,2
Tiền Giang,4,3,92.2,2
Đắk Lắk,7,4,257.8,2
Tiền Giang,5,4,130.9,2
Bến Tre,5,5,306.4,2
Lâm Đồng,9,0,226.6,1
Đồng Nai,9,2,173.8,1
Đắk Lắk,9,5,223.7,2
Tiền Giang,12,1,12.9,0
Lâm Đồng,6,2,175.0,1
Lâm Đồng,6,4,258.6,2
Đắk Lắk,5,5,263.6,2
Tiền Giang,9,3,268.4,2
Bến Tre,10,1,250.2,1
Tiền Giang,8,5,208.4,2
Tiền Giang,7,0,246.7,1
Đắk Lắk,7,1,223.8,2
Bến Tre,6,5,152.5,2
Lâm Đồng,5,0,203.7,0
Lâm Đồng,4,1,96.7,0
Lâm Đồng,3,0,117.6,0
Bến Tre,3,0,89.5,0
Đắk Lắk,6,1,342.6,2
Đắk Lắk,4,1,72.6,2
Bến Tre,12,0,122.3,0
Bến Tre,12,4,131.6,2
Đắk Lắk,6,1,146.0,2
Đồng Nai,3,5,76.6,2
Tiền Giang,4,2,72.6,1
Lâm Đồng,9,3,224.6,2
Tiền Giang,5,0,279.5,1
Lâm Đồng,7,0,252.5,1
Đắk Lắk,10,3,205.9,2
Đồng Nai,2,4,69.2,2
Lâm Đồng,5,3,322.3,2
Lâm Đồng,9,1,261.0,1
Đắk Lắk,11,3,88.8,2
Đồng Nai,3,0,61.7,0
Tiền Giang,9,3,277.1,2
Đắk Lắk,11,2,33.7,2
Lâm Đồng,6,5,220.0,2
Lâm Đồng,4,1,66.9,0
Đồng Nai,7,3,173.4,2
Đồng Nai,8,0,200.2,1
Lâm Đồng,6,5,268.8,2
Đồng Nai,5,1,257.8,1
Đắk Lắk,6,0,298.4,2
Đồng Nai,5,4,214.0,2
Đắk Lắk,8,2,253.5,2
Đắk Lắk,1,4,49.8,2
Đắk Lắk,11,2,91.2,2
Đắk Lắk,7,3,321.4,2
Lâm Đồng,10,1,279.0,1
Lâm Đồng,10,3,313.7,2
Tiền Giang,11,2,71.0,1
Bến Tre,2,2,94.2,1
Tiền Giang,9,2,254.5,2
Đắk Lắk,1,5,39.3,2
Đồng Nai,11,0,77.4,0
Lâm Đồng,10,1,190.3,1
Đắk Lắk,6,3,390.3,2
Tiền Giang,9,3,230.0,2
Đồng Nai,1,4,89.4,2
Lâm Đồng,4,2,69.6,1
Đắk Lắk,4,2,33.0,2
Bến Tre,9,2,136.1,1
Đồng Nai,11,3,92.5,2
Đắk Lắk,5,4,343.0,2
Đắk Lắk,5,0,205.9,1
Đắk Lắk,6,5,150.6,2
Đồng Nai,1,1,60.2,1
Đắk Lắk,1,0,41.9,1
Lâm Đồng,9,3,211.0,2
Đồng Nai,3,5,88.3,2
Đắk Lắk,4,5,68.5,2
Đắk Lắk,1,5,45.1,2
Tiền Giang,9,2,285.3,2
Đắk Lắk,8,1,290.0,2
Tiền Giang,2,3,59.9,2
Đắk Lắk,8,3,258.3,2
Lâm Đồng,7,5,281.2,2
Đắk Lắk,11,3,82.8,2
Đồng Nai,6,1,252.4,1
Lâm Đồng,1,1,113.0,1
Đồng Nai,7,4,285.0,2
Tiền Giang,10,4,223.0,2
Đồng Nai,7,0,223.3,1
Bến Tre,9,1,216.5,1
Đắk Lắk,1,1,89.0,2
Bến Tre,2,1,51.3,1
Đồng Nai,11,4,57.3,2
Tiền Giang,9,5,313.5,2
Tiền Giang,9,5,261.5,2
Đắk Lắk,6,3,321.9,2
Bến Tre,6,5,297.9,2
Bến Tre,4,2,34.7,1
Bến Tre,4,4,66.9,2
Tiền Giang,5,1,309.4,2
Bến Tre,3,5,33.3,2
Lâm Đồng,1,4,82.6,2
Đắk Lắk,1,5,68.8,2
Lâm Đồng,12,0,17.4,0
Tiền Giang,7,1,257.2,1
Tiền Giang,1,0,44.9,0
Tiền Giang,1,1,35.0,0
Đắk Lắk,3,4,70.3,2
Tiền Giang,10,3,134.1,2
Tiền Giang,4,5,49.8,2
Tiền Giang,4,5,146.5,2
Tiền Giang,2,2,89.5,1
Tiền Giang,1,0,43.6,0
Lâm Đồng,3,5,112.1,2
Đắk Lắk,11,4,40.2,2
Đắk Lắk,4,3,53.4,2
Đắk Lắk,3,4,35.5,2
Đắk Lắk,8,0,265.4,2
Tiền Giang,10,2,332.1,2
Đồng Nai,1,5,40.0,2
Đắk Lắk,2,4,8.2,2
Đắk Lắk,7,1,315.5,2
Lâm Đồng,4,3,116.6,2
Tiền Giang,8,4,130.3,2
Tiền Giang,11,3,83.8,2
Tiền Giang,3,5,76.8,2
Đắk Lắk,6,1,202.8,2
Đắk Lắk,9,2,166.3,2
Đắk Lắk,1,2,99.8,2
Bến Tre,1,1,75.4,0
Bến Tre,8,3,265.3,2
Bến Tre,3,5,51.3,2
Đồng Nai,5,4,201.9,2
Lâm Đồng,1,1,0.0,0
Lâm Đồng,5,0,236.3,0
Lâm Đồng,11,3,113.2,2
Đắk Lắk,6,2,196.6,2
Đồng Nai,8,1,158.7,1
Tiền Giang,3,2,83.1,1
Đồng Nai,3,3,88.6,2
Lâm Đồng,12,2,52.4,1
Đồng Nai,11,1,59.5,1
Tiền Giang,11,3,77.9,2
Lâm Đồng,10,0,240.7,1
Đắk Lắk,9,1,310.0,2
Tiền Giang,4,4,143.1,2
Tiền Giang,4,5,18.7,2
Tiền Giang,12,1,106.9,1
Bến Tre,7,3,256.3,2
Đắk Lắk,2,5,111.6,2
Tiền Giang,8,1,293.5,2
Đắk Lắk,6,0,253.7,2
Bến Tre,3,0,92.8,0
Tiền Giang,9,4,226.4,2
Tiền Giang,5,2,203.5,2
Lâm Đồng,8,5,298.7,2
Lâm Đồng,7,3,199.3,2
Đắk Lắk,8,3,288.5,2
Lâm Đồng,7,2,251.8,2
Đắk Lắk,3,0,0.1,1
Bến Tre,2,0,52.8,0
Lâm Đồng,7,1,270.1,1
Đắk Lắk,3,4,57.8,2
Tiền Giang,3,5,0.0,2
Đồng Nai,2,4,109.6,2
Đắk Lắk,4,4,75.1,2
Bến Tre,8,1,276.6,1
Đắk Lắk,12,4,55.8,2
Lâm Đồng,1,2,85.9,1
Đắk Lắk,1,1,125.0,2
Đồng Nai,12,2,47.9,1
Đắk Lắk,5,1,350.0,2
Bến Tre,11,4,82.0,2
Đồng Nai,5,2,197.8,2
Tiền Giang,11,2,136.4,1
Tiền Giang,12,2,81.7,1
Đắk Lắk,1,1,90.3,2
Tiền Giang,6,3,233.8,2
Bến Tre,1,4,46.1,2
Đồng Nai,5,2,260.1,2
Tiền Giang,9,5,344.9,2
Tiền Giang,12,3,60.7,2
Bến Tre,5,5,248.4,2
Tiền Giang,6,4,337.4,2
Bến Tre,8,4,232.0,2
Tiền Giang,11,2,85.3,1
Đắk Lắk,1,2,96.3,2
Lâm Đồng,2,1,64.1,0
Đắk Lắk,9,3,268.6,2
Đắk Lắk,3,3,89.8,2
Đắk Lắk,6,2,225.9,2
Lâm Đồng,5,4,298.9,2
Bến Tre,11,2,53.6,1
Đồng Nai,2,4,49.7,2
Tiền Giang,7,4,158.4,2
Lâm Đồng,4,2,54.9,1
Lâm Đồng,1,0,45.5,0
Đắk Lắk,4,3,58.0,2
Đắk Lắk,6,5,286.7,2
Đắk Lắk,7,4,146.5,2
Tiền Giang,7,4,131.5,2
Tiền Giang,7,0,205.1,1
Đắk Lắk,3,5,83.8,2
Đắk Lắk,6,1,267.3,2
Đồng Nai,8,0,204.1,1
Lâm Đồng,4,5,105.1,2
Đắk Lắk,8,0,210.5,2
Tiền Giang,2,4,83.9,2
Tiền Giang,10,3,228.2,2
Bến Tre,9,0,197.9,1
Đắk Lắk,9,1,213.7,2
Đồng Nai,8,2,294.0,2
Lâm Đồng,10,5,271.7,2
Lâm Đồng,10,0,308.1,1
Bến Tre,1,0,80.8,0
Đắk Lắk,2,1,21.7,1
Tiền Giang,6,3,376.9,2
Lâm Đồng,10,0,272.5,1
Lâm Đồng,5,0,280.9,1
Đồng Nai,12,3,58.7,2
Lâm Đồng,9,1,316.8,1
Tiền Giang,5,5,184.4,2
Tiền Giang,2,5,88.3,2
Tiền Giang,10,0,125.2,0
Lâm Đồng,4,3,90.3,1
Đắk Lắk,9,0,185.2,1
Lâm Đồng,1,2,78.3,1
Bến Tre,11,5,110.7,2
Tiền Giang,1,4,94.7,2
Đắk Lắk,12,2,106.7,2
Đồng Nai,7,0,317.3,1
Đắk Lắk,11,1,54.3,1
Đắk Lắk,3,5,87.9,2
Tiền Giang,10,4,146.5,2
Tiền Giang,2,2,49.4,1
Đắk Lắk,9,5,333.6,2
Đồng Nai,3,3,58.4,2
Đắk Lắk,2,1,14.0,1
Đắk Lắk,12,2,130.4,2
Bến Tre,8,3,283.7,2
Đắk Lắk,10,0,295.9,2
Lâm Đồng,6,3,191.2,2
Đắk Lắk,6,2,267.0,2
Đồng Nai,10,2,265.5,2
Lâm Đồng,11,0,45.4,0
Đắk Lắk,7,3,239.8,2
Tiền Giang,7,3,160.0,2
Đắk Lắk,11,0,59.6,1
Lâm Đồng,6,3,308.4,2
Đắk Lắk,4,5,47.6,2
Bến Tre,11,0,127.2,0
Tiền Giang,9,1,163.8,1
Đắk Lắk,6,2,234.4,2
Bến Tre,4,1,50.3,0
Đồng Nai,12,5,64.6,2
Tiền Giang,3,5,111.1,2
Tiền Giang,4,4,40.5,2
Lâm Đồng,3,4,56.5,2
Đồng Nai,2,4,89.6,2
Đồng Nai,5,0,255.6,1
Đắk Lắk,2,3,75.3,2
Bến Tre,6,5,192.1,2
Đắk Lắk,3,1,67.9,1
Đắk Lắk,6,1,317.9,2
Lâm Đồng,11,1,21.7,0
Bến Tre,10,1,208.2,1
Lâm Đồng,9,4,141.1,2
Bến Tre,1,1,86.1,1
Bến Tre,6,3,323.5,2
Bến Tre,9,4,239.0,2
Lâm Đồng,11,1,39.8,0
Tiền Giang,4,0,40.7,0
Tiền Giang,11,2,61.1,1
Tiền Giang,12,2,61.0,1
Lâm Đồng,2,2,97.4,1
Đồng Nai,4,4,49.9,2
Đắk Lắk,1,1,83.1,2
Tiền Giang,3,5,60.8,2
Tiền Giang,10,5,205.3,2
Tiền Giang,9,5,230.2,2
Đắk Lắk,10,4,270.2,2
Đắk Lắk,5,3,304.9,2
Đồng Nai,11,0,62.4,0
Đắk Lắk,6,0,177.8,1
Đồng Nai,3,2,100.0,1
Đồng Nai,5,2,196.1,2
Tiền Giang,11,5,77.8,2
Đồng Nai,8,5,248.5,2
Lâm Đồng,6,2,240.5,2
Bến Tre,4,1,55.4,1
Tiền Giang,2,3,88.6,2
Đồng Nai,9,3,35.1,1
Đồng Nai,12,3,104.1,2
Bến Tre,1,3,42.6,2
Bến Tre,1,2,82.2,1
Tiền Giang,4,0,80.7,0
Lâm Đồng,7,2,326.5,2
Tiền Giang,1,3,75.9,2
Lâm Đồng,9,2,200.3,1
Đắk Lắk,4,3,21.9,2
Tiền Giang,3,4,59.5,2
Đồng Nai,1,5,11.3,2
Đắk Lắk,10,0,212.3,2
Bến Tre,4,4,61.2,2
Lâm Đồng,9,1,208.6,1
Đồng Nai,10,2,252.5,2
Đồng Nai,6,1,235.8,1
Đắk Lắk,6,2,230.3,2
Đắk Lắk,1,5,0.0,2
Bến Tre,10,4,172.3,2
Lâm Đồng,2,5,89.3,2
Đắk Lắk,11,3,94.1,2
Tiền Giang,6,5,139.7,2
Lâm Đồng,2,5,45.6,2
Tiền Giang,3,3,102.2,2
Lâm Đồng,4,2,48.5,1
Lâm Đồng,11,3,66.7,1
Lâm Đồng,5,4,336.5,2
Đồng Nai,9,5,228.3,2
Đắk Lắk,12,3,54.9,2
Đồng Nai,4,5,65.3,2
Tiền Giang,11,4,125.6,2
Tiền Giang,9,1,276.8,2
Đắk Lắk,11,4,70.6,2
Tiền Giang,10,0,218.5,1
Lâm Đồng,3,0,86.2,0
Đắk Lắk,8,0,289.6,2
Tiền Giang,12,5,37.8,2
Đắk Lắk,1,2,90.6,2
Đắk Lắk,11,2,65.5,2
Lâm Đồng,9,2,251.5,2
Lâm Đồng,9,5,196.9,2
Bến Tre,10,4,226.0,2
Đắk Lắk,2,2,39.1,2
Lâm Đồng,4,1,37.7,0
Đồng Nai,8,0,272.6,1
Lâm Đồng,7,4,228.7,2
Đắk Lắk,1,0,31.0,1
Đồng Nai,5,2,380.6,2
Tiền Giang,7,4,182.5,2
Lâm Đồng,4,3,102.8,2
Lâm Đồng,1,1,25.7,0
Tiền Giang,9,2,277.4,2
Lâm Đồng,5,2,235.0,2
Đắk Lắk,11,1,51.1,1
Lâm Đồng,2,1,75.9,1
Đắk Lắk,8,3,253.7,2
Đồng Nai,11,2,45.6,1
Bến Tre,2,5,44.3,2
Đắk Lắk,3,2,22.8,2
Tiền Giang,10,0,268.3,1
Đắk Lắk,1,4,32.4,2
Đắk Lắk,11,4,70.1,2
Tiền Giang,2,0,87.8,0
Lâm Đồng,7,4,262.5,2
Đồng Nai,10,1,206.6,1
Tiền Giang,2,4,97.3,2
Lâm Đồng,6,4,225.5,2
Tiền Giang,3,0,30.0,0
Tiền Giang,4,3,61.5,2
Bến Tre,11,4,87.6,2
Bến Tre,8,5,209.5,2
Bến Tre,3,4,96.3,2
Lâm Đồng,10,3,203.8,2
Tiền Giang,6,0,211.9,1
Đắk Lắk,1,3,38.6,2
Lâm Đồng,7,0,291.0,1
Tiền Giang,8,1,246.8,2
Bến Tre,11,0,40.6,0
Lâm Đồng,8,1,226.2,1
Đắk Lắk,3,1,0.0,1
Tiền Giang,10,0,296.7,1
Lâm Đồng,1,5,64.9,2
Tiền Giang,9,2,105.6,1
Đồng Nai,6,0,162.6,0
Bến Tre,11,4,57.4,2
Đồng Nai,9,5,171.1,2
Đắk Lắk,7,5,297.6,2
Lâm Đồng,1,4,82.6,2
Đắk Lắk,12,2,80.8,2
Đắk Lắk,12,5,0.0,2
Bến Tre,1,1,54.2,1
Lâm Đồng,6,2,208.1,1
Đắk Lắk,5,4,192.8,2
Lâm Đồng,9,2,225.1,2
Tiền Giang,2,0,36.2,0
Bến Tre,8,2,262.9,2
Đắk Lắk,11,1,93.0,1
Tiền Giang,5,0,290.8,1
Tiền Giang,2,3,65.9,2
Đắk Lắk,10,4,370.0,2
Bến Tre,11,4,104.2,2
Đồng Nai,11,2,67.0,1
Đồng Nai,12,5,55.5,2
Bến Tre,6,0,330.3,1
Tiền Giang,10,3,310.5,2
Đắk Lắk,8,0,165.4,1
Tiền Giang,4,4,102.6,2
Tiền Giang,2,0,65.4,0
Bến Tre,12,3,44.2,2
Lâm Đồng,11,5,10.6,2
Đồng Nai,5,2,233.9,2
Đắk Lắk,12,1,69.6,1
Đắk Lắk,2,0,117.6,1
Đắk Lắk,2,1,98.7,2
Đồng Nai,6,4,215.0,2
Đắk Lắk,11,2,81.7,2
Đắk Lắk,10,2,299.6,2
Lâm Đồng,9,0,255.2,1
Đắk Lắk,4,5,52.4,2
Lâm Đồng,6,2,218.1,1
Bến Tre,7,0,273.1,1
Đắk Lắk,11,0,82.4,1
Đắk Lắk,6,1,232.4,2
Lâm Đồng,8,2,92.9,1
Lâm Đồng,4,0,31.3,0
Bến Tre,12,1,88.6,1
Lâm Đồng,1,3,6.1,1
Lâm Đồng,7,1,321.1,1
Lâm Đồng,3,1,101.1,0
Đồng Nai,6,0,252.5,1
Bến Tre,2,4,87.9,2
Tiền Giang,9,4,281.7,2
Tiền Giang,1,5,66.5,2
Tiền Giang,6,4,167.6,2
Bến Tre,6,1,308.0,1
Đắk Lắk,5,5,334.4,2
Lâm Đồng,5,0,177.5,0
Lâm Đồng,1,2,27.7,1
Lâm Đồng,10,1,241.8,1
Đắk Lắk,12,1,51.2,1
Bến Tre,5,5,258.7,2
Tiền Giang,2,0,106.2,0
Lâm Đồng,7,3,115.3,2
Lâm Đồng,3,1,117.4,1
Đồng Nai,4,3,57.8,2
Tiền Giang,3,3,85.4,2
Bến Tre,3,4,88.6,2
Đắk Lắk,4,0,92.1,1
Tiền Giang,5,3,253.7,2
Tiền Giang,1,0,78.9,0
Lâm Đồng,4,4,78.7,2
Đắk Lắk,12,0,51.1,1
Bến Tre,12,1,17.3,0
Đắk Lắk,11,3,33.4,2
Đắk Lắk,8,0,243.7,1
Lâm Đồng,10,2,202.8,1
Đồng Nai,7,0,202.9,1
Bến Tre,9,3,358.0,2
Tiền Giang,5,4,301.5,2
Đồng Nai,10,4,234.9,2
Đắk Lắk,4,3,90.2,2
Đắk Lắk,8,1,224.8,2
Bến Tre,9,1,256.6,1
Bến Tre,7,4,276.5,2
Đắk Lắk,7,4,224.9,2
Lâm Đồng,5,3,208.9,2
Tiền Giang,4,1,106.7,1
Đồng Nai,10,4,286.8,2
Tiền Giang,1,1,2.4,0
Tiền Giang,10,4,209.9,2
Tiền Giang,10,0,203.1,1
Tiền Giang,7,2,212.7,2
Đắk Lắk,1,5,95.9,2
Đồng Nai,1,0,70.6,0
Tiền Giang,5,5,166.6,2
Lâm Đồng,9,4,227.0,2
Lâm Đồng,6,2,282.5,2
Đồng Nai,3,2,63.4,1
Đắk Lắk,3,4,50.7,2
Tiền Giang,7,4,269.9,2
Bến Tre,6,1,347.1,2
Đồng Nai,9,4,277.7,2
Bến Tre,6,3,328.1,2
Đồng Nai,5,4,215.3,2
Tiền Giang,10,3,249.5,2
Bến Tre,7,4,248.3,2
Đắk Lắk,1,1,73.6,2
Bến Tre,12,3,83.2,2
Bến Tre,7,0,194.9,1
Bến Tre,3,3,89.4,2
Đắk Lắk,9,1,152.3,2
Lâm Đồng,6,5,169.9,2
Đắk Lắk,9,3,378.1,2
Đồng Nai,5,4,219.4,2
Đồng Nai,7,4,293.8,2
Lâm Đồng,4,5,120.9,2
Lâm Đồng,7,1,111.1,1
Lâm Đồng,1,2,103.8,1
Bến Tre,7,4,288.9,2
Bến Tre,8,0,348.4,1
Tiền Giang,5,1,179.1,1
Đắk Lắk,2,3,113.5,2
Bến Tre,5,3,205.6,2
Bến Tre,6,0,313.3,1
Đắk Lắk,12,4,68.9,2
Đắk Lắk,2,1,93.1,2
Đắk Lắk,6,0,252.9,2
Tiền Giang,6,4,139.6,2
Đắk Lắk,1,1,0.0,1
Đắk Lắk,1,3,76.3,2
Đồng Nai,11,1,62.1,1
Đắk Lắk,10,5,273.9,2
Bến Tre,3,2,62.4,1
Lâm Đồng,10,1,371.1,2
Đắk Lắk,10,2,263.8,2
Lâm Đồng,12,1,56.6,0
Tiền Giang,3,2,80.1,1
Bến Tre,4,5,57.1,2
Đồng Nai,2,3,72.8,2
Lâm Đồng,9,4,177.0,2
Tiền Giang,10,2,249.5,2
Bến Tre,12,5,55.7,2
Tiền Giang,11,2,36.3,1
Đắk Lắk,7,3,368.5,2
Bến Tre,7,2,185.0,2
Đắk Lắk,6,5,250.4,2
Lâm Đồng,3,5,45.9,2
Tiền Giang,6,0,267.8,1
Bến Tre,12,3,31.8,2
Đắk Lắk,8,0,300.4,2
Lâm Đồng,8,3,372.2,2
Bến Tre,11,2,44.8,1
Lâm Đồng,9,5,323.0,2
Bến Tre,1,0,58.5,0
Tiền Giang,1,2,115.2,1
Đồng Nai,3,5,135.7,2
Tiền Giang,3,3,63.0,2
Tiền Giang,10,5,158.8,2
Lâm Đồng,8,2,306.9,2
Tiền Giang,10,0,263.5,1
Đồng Nai,1,0,85.1,0
Đồng Nai,2,5,59.8,2
Tiền Giang,2,2,43.5,1
Tiền Giang,3,1,104.8,1
Bến Tre,6,3,269.2,2
Đồng Nai,1,3,26.7,1
Đắk Lắk,2,2,90.6,2
Tiền Giang,1,1,84.6,1
Tiền Giang,5,0,230.5,1
Đắk Lắk,7,4,347.2,2
Lâm Đồng,8,4,212.9,2
Đắk Lắk,10,2,239.9,2
Tiền Giang,1,1,93.1,1
Bến Tre,7,1,254.6,1
Lâm Đồng,5,3,166.9,2
Đắk Lắk,10,0,261.0,2
Đắk Lắk,1,5,57.6,2
Đắk Lắk,3,1,95.7,2
Lâm Đồng,7,5,259.1,2
Đắk Lắk,10,4,255.7,2
Đắk Lắk,1,5,38.6,2
Đắk Lắk,7,0,236.2,2
Đắk Lắk,5,0,308.2,2
Đắk Lắk,1,5,46.7,2
Bến Tre,1,2,69.0,1
Tiền Giang,1,1,41.9,1
Bến Tre,11,2,34.5,1
Đắk Lắk,9,5,244.9,2
Lâm Đồng,11,1,75.2,0
Lâm Đồng,3,3,129.8,2
Tiền Giang,5,2,222.7,2
Bến Tre,11,2,68.5,1
Bến Tre,10,5,175.0,2
Bến Tre,12,4,88.4,2
Đắk Lắk,9,5,273.9,2
Tiền Giang,6,2,339.3,2
Lâm Đồng,12,1,103.3,0
Tiền Giang,9,4,271.1,2
Tiền Giang,8,5,221.8,2
Lâm Đồng,8,5,262.3,2
Tiền Giang,1,2,66.7,1
Đắk Lắk,9,2,307.2,2
Bến Tre,6,3,299.6,2
Đồng Nai,9,5,232.2,2
Đồng Nai,3,2,26.1,1
Đắk Lắk,12,0,110.0,1
Tiền Giang,3,4,87.5,2
Đắk Lắk,6,0,230.8,2
Bến Tre,9,4,282.6,2
Lâm Đồng,7,5,254.5,2
Tiền Giang,3,3,109.6,2
Bến Tre,3,2,12.1,1
Tiền Giang,2,2,58.1,1
Đắk Lắk,9,2,345.9,2
Đắk Lắk,3,5,86.9,2
Lâm Đồng,11,4,123.2,2
Tiền Giang,5,2,176.7,2
Tiền Giang,9,0,314.3,1
Lâm Đồng,8,2,310.7,2
Lâm Đồng,2,5,19.5,2
Bến Tre,3,3,61.1,2
Tiền Giang,2,0,66.8,0
Đắk Lắk,8,2,152.8,2
Tiền Giang,6,2,233.5,2
Đồng Nai,6,1,302.4,2
Tiền Giang,12,4,58.3,2
Tiền Giang,9,0,264.5,1
Đồng Nai,8,1,265.0,1
Bến Tre,4,3,69.6,1
Lâm Đồng,12,4,48.8,2
Bến Tre,4,0,89.8,0
Đắk Lắk,9,2,154.8,2
Đắk Lắk,1,0,70.3,1
Lâm Đồng,2,2,111.6,1
Lâm Đồng,2,4,56.6,2
Bến Tre,6,2,206.4,1
Đắk Lắk,4,3,91.8,2
Tiền Giang,11,5,74.9,2
Bến Tre,10,2,294.7,2
Bến Tre,3,3,71.2,1
Lâm Đồng,3,5,0.0,2
Đắk Lắk,3,4,105.4,2
Lâm Đồng,6,4,374.2,2
Bến Tre,8,0,327.0,1
Đắk Lắk,11,3,0.0,2
Đồng Nai,7,3,277.1,2
Lâm Đồng,4,1,56.0,0
Lâm Đồng,11,1,37.5,0
Tiền Giang,12,5,73.7,2
